[
    {"url": "https://cf.bstatic.com/xdata/images/hotel/square600/147950076.jpg?k=07982175126b0b6ab75d4124ff24eaf1bdfa1baaa7cdad7d61244fe9bc33d825&o="},
    {"url": "https://cf.bstatic.com/xdata/images/hotel/square600/80041955.jpg?k=8eb2b94e98c6608dc2d49c2ef3918c4db615d82352f4962edd09060f1f02a4e6&o="},
    {"url": "https://cf.bstatic.com/xdata/images/hotel/square600/79188200.jpg?k=6a2b1363be9fe3467c14af5b95c4979165fd620815c2df7ca50e135b689b1272&o="},
    {"url": "https://cf.bstatic.com/xdata/images/hotel/square600/68872049.jpg?k=ad580c0f25899ffa526251dc8d38dac76fa3e4b2db3495d8111929cf971ddc1e&o="},
    {"url": "https://cf.bstatic.com/xdata/images/hotel/square600/43388087.jpg?k=c586db5dfc8d40bf8bf6f753aeaf2bdaa059c40d30d2a237fba4260712311d71&o="},
    {"url": "https://cf.bstatic.com/xdata/images/hotel/square600/172563032.jpg?k=f170c0a3effe9a7e1f29a518b53a8e0ca1cf05bfa547338995bf2ff4286b816e&o="},
    {"url": "https://cf.bstatic.com/xdata/images/hotel/square600/78804296.jpg?k=ae27003ed423a5b807830580a6cc238e9907fe7ccb7a141205724ed6841b6155&o="},
    {"url": "https://cf.bstatic.com/xdata/images/hotel/square600/179602223.jpg?k=69cd4b0d0068b117f029da86680ce6a95970c3f4219eaf26a687cf65ada2811b&o="},
    {"url": "https://cf.bstatic.com/xdata/images/hotel/square600/42953095.jpg?k=336cd9c1d987e4be11a2945f6a6c245c3f72439b840bfd5f21709503266f532d&o="},
    {"url": "https://cf.bstatic.com/xdata/images/hotel/square600/90467906.jpg?k=355962d2878be8c8d5484b02a5e64a3701d592fb479a3029b3d32acf48ba5d05&o="},
    {"url": "https://cf.bstatic.com/xdata/images/hotel/square600/263784243.jpg?k=ef0331ff0b594fa9aeaf03fea2475cc29b5fc5130619c93ba89a4fc6571a83de&o="},
    {"url": "https://cf.bstatic.com/xdata/images/hotel/square600/160593605.jpg?k=df44e058d34367f8fed859868a71a940ab0e8d410d53244c3471141d732be772&o="},
    {"url": "https://cf.bstatic.com/xdata/images/hotel/square600/188684726.jpg?k=5165e34147168966547f713fd6ac58f48ea7166bfca51f20fabd9c0497a66838&o="},
    {"url": "https://cf.bstatic.com/xdata/images/hotel/square600/252160393.jpg?k=e65bd53ae55c43ca4c489c9f806b8007a994640ca5ec9d4c9ad7861dee4d61e9&o="},
    {"url": "https://cf.bstatic.com/xdata/images/hotel/square600/66375207.jpg?k=60fb090da782ca9544574e29d2f95ad367bb5193233f00c34a0518b539ecf28a&o="},
    {"url": "https://cf.bstatic.com/xdata/images/hotel/square600/186127372.jpg?k=e7339957c5dc1071d98a6713f3b6d62e41d8a059ca27feca7750d1b873861ec2&o="},
    {"url": "https://cf.bstatic.com/xdata/images/hotel/square600/66166315.jpg?k=f43ea10bbf9afe10d072f52288b5155a0561760124b8158f0a6527589017881a&o="},
    {"url": "https://cf.bstatic.com/xdata/images/hotel/square600/50716721.jpg?k=29b2b2c0696239c05e03ba3dca3d6675ef45f9a6112efdad02e3951b08f218e6&o="},
    {"url": "https://cf.bstatic.com/xdata/images/hotel/square600/279288888.jpg?k=55fb6be76072910658e5d713ef6e2627b052e3087dd0725a436e0abaee45adbf&o="},
    {"url": "https://cf.bstatic.com/xdata/images/hotel/square600/107656497.jpg?k=02d25aa06cfb58e42f44c4ce21165bd8dc89d70b76d35089d817bdd00730a7af&o="},
    {"url": "https://cf.bstatic.com/xdata/images/hotel/square600/89155654.jpg?k=117a122d9c28e0cab0505650d8de293fb794e3f3f7d1804e0b025385f6a66404&o="},
    {"url": "https://cf.bstatic.com/xdata/images/hotel/square600/252959417.jpg?k=6ba88a1c478c209543a103d45d8ebed82cc249db1ea680d7519076347761d8fb&o="},
    {"url": "https://cf.bstatic.com/xdata/images/hotel/square600/136688480.jpg?k=640bfc7163d5adfe794009880b3d4d9e79ea24eb8d1b75d03dd3b0106cc6a89b&o="},
    {"url": "https://cf.bstatic.com/xdata/images/hotel/square600/260384852.jpg?k=fe9c0a0b0d7506e556ea668d90a86c2054ff78c26a5293727e3e153ab0905586&o="},
    {"url": "https://cf.bstatic.com/xdata/images/hotel/square600/273693566.jpg?k=e35dd6b6ea0a6a67ce5e00222e7043ee7491663691685b6d835c5ac1f4bb4c27&o="},
    {"url": "https://cf.bstatic.com/xdata/images/hotel/square600/246186827.jpg?k=4bc740ac8573907337f4d139d750b601c722252b43640da3eb96f87c60653151&o="},
    {"url": "https://cf.bstatic.com/xdata/images/hotel/square600/281512564.jpg?k=ae2fb6fd3366811c5835f37b1cdd1765bf4024a3ddbd305b556817b9352b950c&o="},
    {"url": "https://cf.bstatic.com/xdata/images/hotel/square600/43607287.jpg?k=503b56e2a1b231fedc532703a97cee16b06c6af3f0272619941ba03cd0572061&o="},
    {"url": "https://cf.bstatic.com/xdata/images/hotel/square600/141625879.jpg?k=d0d6ec55f45173a4d83847d798d512fbc179e3645f0ec3a893f9df7f8e8699c7&o="},
    {"url": "https://cf.bstatic.com/xdata/images/hotel/square600/132680048.jpg?k=a513906fc4e6180de3ba4826b0a60cc8ffac0d1c54e19bda1d08eb75c116729d&o="},
    {"url": "https://cf.bstatic.com/xdata/images/hotel/square600/162455562.jpg?k=9975effc01c2644627682ac720d284bee6116f9d70519e9a7f834bd4cad55499&o="},
    {"url": "https://cf.bstatic.com/xdata/images/hotel/square600/200609054.jpg?k=5bb0b406fb6d1f13f13ab35e1df943d961ca7d18308cfccb0feed84c86bd826b&o="},
    {"url": "https://cf.bstatic.com/xdata/images/hotel/square600/213408725.jpg?k=940bd2291fc758733d8191c968ef0120b0e0e6a47e8d9ebce26673acfb0ea606&o="},
    {"url": "https://cf.bstatic.com/xdata/images/hotel/square600/187049911.jpg?k=f70ae0783def6d0fcc74e690d3aaa03ad08d930bc1b5662bbf7e415636f2d1be&o="},
    {"url": "https://cf.bstatic.com/xdata/images/hotel/square600/43977159.jpg?k=233a088ed0cc866e6f45b93635162396f63511a3c6401154285a6f672326f571&o="},
    {"url": "https://cf.bstatic.com/xdata/images/hotel/square600/32861767.jpg?k=50cf17bafb635fde6afe5718a8c21287ecc8ef9705a8a1edd359a538074c7f75&o="},
    {"url": "https://cf.bstatic.com/xdata/images/hotel/square600/205930206.jpg?k=45e0eb02f72e8d7c3a479d28e6693f4610abf7b37803fc06e26022a59e7b4fc0&o="},
    {"url": "https://cf.bstatic.com/xdata/images/hotel/square600/131446218.jpg?k=4e6763f41e4e7bfead527ed764aade095992e5a2cd34cc223196e0e211143935&o="},
    {"url": "https://cf.bstatic.com/xdata/images/hotel/square600/286145188.jpg?k=4405123b60833204cb4adca0d51f61d51a60b2068df0c30b9b23ec51bae0a5ef&o="},
    {"url": "https://cf.bstatic.com/xdata/images/hotel/square600/91631751.jpg?k=0e8ab9a8bbaf6c7173df14a09f2b097cdb51c7a0408a5ffafb52651b198689b4&o="},
    {"url": "https://cf.bstatic.com/xdata/images/hotel/square600/60103013.jpg?k=faa6f5a287c5f0400ab7bf4ff980ee774309d351cd8b55af6fc4f4900e653407&o="},
    {"url": "https://cf.bstatic.com/xdata/images/hotel/square600/132680048.jpg?k=a513906fc4e6180de3ba4826b0a60cc8ffac0d1c54e19bda1d08eb75c116729d&o="},
    {"url": "https://cf.bstatic.com/xdata/images/hotel/square600/162455562.jpg?k=9975effc01c2644627682ac720d284bee6116f9d70519e9a7f834bd4cad55499&o="},
    {"url": "https://cf.bstatic.com/xdata/images/hotel/square600/200609054.jpg?k=5bb0b406fb6d1f13f13ab35e1df943d961ca7d18308cfccb0feed84c86bd826b&o="},
    {"url": "https://cf.bstatic.com/xdata/images/hotel/square600/213408725.jpg?k=940bd2291fc758733d8191c968ef0120b0e0e6a47e8d9ebce26673acfb0ea606&o="}
]

